method,scenario,runtime_ms_mean,runtime_ms_std,motp_mean,motp_std,ce_mean,ce_std,motp_norm,ce_norm,score
GNN,D,4.89,0.06055300708195048,11.425,0.15138251770487343,0.4025,0.01513825177048744,0.0,0.0,1.0
GNN,E,5.39,0.06055300708195048,14.37,0.18165902124585068,0.597,0.018165902124584965,0.291151754819546,0.2692041522487623,0.7154325259516892
NN,D,1.845,0.030276503540974945,18.45,0.3027650354097453,0.865,0.03027650354097494,0.6945130993573213,0.6401384083036123,0.3217993079587914
NN,E,2.045,0.03027650354097541,21.54,0.36331804249170135,1.125,0.030276503540974924,0.9999999999999011,0.999999999998616,4.845013279464183e-13
