method,scenario,runtime_ms_mean,runtime_ms_std,motp_mean,motp_std,ce_mean,ce_std,num_scans_mean,motp_norm,ce_norm,score
GNN,D,10.4420727,1.0362074222980484,3.5280720000000003,0.0,0.0,0.0,83.0,0.0,0.5,0.85
NN,D,9.6347637,0.4330757855136135,3.619066,0.0,0.0,0.0,83.0,1.0,0.5,0.15000000000000002
